,shrink 0 pct,shrink 50 pct,shrink 100 pct,linear shrinkage,non-linear,OAS
TBN,0.4440837250609011,0.3495945214891935,-0.4306678026092868,0.47174544933427337,0.4493736095780695,0.45941390283376105
Scaled TBN,0.4440837250609011,-0.13057180272496016,0.38717630838167216,0.47174544933427337,0.4493736095780695,0.45941390283376105
Identity,0.4440837250609011,0.5077689456678524,0.5732325381387704,0.47174544933427337,0.4493736095780695,0.45941390283376105
